-- =============================================
-- Aci Store PRODUCTION Database Full Backup
-- Generated: 2026-03-13T10:19:31.538Z
-- Source: aciallstore.com (Replit production)
-- =============================================

-- TABLE: sections (5 rows)
INSERT INTO sections (id, name, description, sort_order, is_active, created_at) VALUES (6, E'ANDROID NON ROOT PANEL', E'This is None Root Android Antiban Panel.', 2, TRUE, E'2026-03-11T04:45:47.116252') ON CONFLICT DO NOTHING;
INSERT INTO sections (id, name, description, sort_order, is_active, created_at) VALUES (7, E'ANDROID ROOT PANEL', E'Only Work Rooted Phone.', 3, TRUE, E'2026-03-11T05:30:57.368806') ON CONFLICT DO NOTHING;
INSERT INTO sections (id, name, description, sort_order, is_active, created_at) VALUES (9, E'PUBG &  BGMI PANEL  ', E'Level up your gaming experience with HACKS for iOS & Andriod – smooth, fast, and optimized for competitive gameplay.', 4, TRUE, E'2026-03-11T05:57:04.205448') ON CONFLICT DO NOTHING;
INSERT INTO sections (id, name, description, sort_order, is_active, created_at) VALUES (10, E'8 BALL POOL HACKES', E'This is help to win match. Autoplay game.', 5, TRUE, E'2026-03-11T06:16:02.563735') ON CONFLICT DO NOTHING;
INSERT INTO sections (id, name, description, sort_order, is_active, created_at) VALUES (5, E'FREE FIRE  iOS PANEL', E'This is one of the most Powerful ios panel in Free Fire ', 1, TRUE, E'2026-03-11T04:29:14.327846') ON CONFLICT DO NOTHING;

-- TABLE: panels (18 rows)
INSERT INTO panels (id, section_id, name, description, image_url, platform, price_1day, price_7day, price_30day, price_60day, is_in_stock, is_active, sort_order, features, created_at, reseller_price_1day, reseller_price_7day, reseller_price_30day, reseller_price_60day, custom_prices, hidden_durations) VALUES (10, 5, E'iOS CERTIFECATE', E'Certificate Validaty is 1 Year.But Day is  Warrenty 30 Day / 60 Day / 7 Day/ 1 Day', E'', E'ios', 5, 5, 10, 12, TRUE, TRUE, 0, E'E sign, G box, Scarlet, K sign, Feather', E'2026-03-11T04:41:27.845397', 0, 0, 0, 0, '{}', '{}') ON CONFLICT DO NOTHING;
INSERT INTO panels (id, section_id, name, description, image_url, platform, price_1day, price_7day, price_30day, price_60day, is_in_stock, is_active, sort_order, features, created_at, reseller_price_1day, reseller_price_7day, reseller_price_30day, reseller_price_60day, custom_prices, hidden_durations) VALUES (17, 5, E'PROXY IOS PANEL', E'This panel injecte in wifi Method. No need ipa & File. ', E'', E'ios', 5, 10, 20, 35, TRUE, TRUE, 0, E'Aimbot, Antina Esp, Body Headshot, Drag Headshot, No Recoail ', E'2026-03-11T05:29:13.847637', 0, 0, 0, 0, '{}', '{}') ON CONFLICT DO NOTHING;
INSERT INTO panels (id, section_id, name, description, image_url, platform, price_1day, price_7day, price_30day, price_60day, is_in_stock, is_active, sort_order, features, created_at, reseller_price_1day, reseller_price_7day, reseller_price_30day, reseller_price_60day, custom_prices, hidden_durations) VALUES (18, 7, E'Drip Client Root ', E'Work on Virtual & Root Devices. Antiban & Safe.', E'', E'android', 2, 6, 12, 22, TRUE, TRUE, 0, E'Aimsilent, Aimbot, Aim megnet, Aimkill, Autofire, Esp, Ghost, Speed, Cs / Br Working ', E'2026-03-11T05:35:29.167695', 0, 0, 0, 0, '{}', '{}') ON CONFLICT DO NOTHING;
INSERT INTO panels (id, section_id, name, description, image_url, platform, price_1day, price_7day, price_30day, price_60day, is_in_stock, is_active, sort_order, features, created_at, reseller_price_1day, reseller_price_7day, reseller_price_30day, reseller_price_60day, custom_prices, hidden_durations) VALUES (12, 6, E'HG CHEAT APKMOD', E'Directly Works on you\'r Phone - No Virtual & Root Needed. Antiban & Safe.', E'', E'android', 1.5, 5, 10, 20, TRUE, TRUE, 0, E'Aim silent, Headshort Hack, Aim Visible, Speed Hack, Ghost Mode, Esp Line Location,  Cs/Br Working', E'2026-03-11T04:59:47.4574', 0, 0, 0, 0, '{}', '{}') ON CONFLICT DO NOTHING;
INSERT INTO panels (id, section_id, name, description, image_url, platform, price_1day, price_7day, price_30day, price_60day, is_in_stock, is_active, sort_order, features, created_at, reseller_price_1day, reseller_price_7day, reseller_price_30day, reseller_price_60day, custom_prices, hidden_durations) VALUES (13, 6, E'PATOTEAM APKMOD', E'Directly Works on you\'r Phone - No Virtual & Root Needed. Antiban & Safe.', E'', E'android', 2, 7, 15, 30, TRUE, TRUE, 0, E'Aim silent, Headshort Hack, Aim Visible, Speed Hack, Ghost Mode, Esp Line Location,  Cs/Br Working', E'2026-03-11T05:04:54.364627', 0, 0, 0, 0, '{}', '{}') ON CONFLICT DO NOTHING;
INSERT INTO panels (id, section_id, name, description, image_url, platform, price_1day, price_7day, price_30day, price_60day, is_in_stock, is_active, sort_order, features, created_at, reseller_price_1day, reseller_price_7day, reseller_price_30day, reseller_price_60day, custom_prices, hidden_durations) VALUES (9, 5, E'FLUORITE IOS PANEL', E'Level up your gaming experience with Fluorite  for iOS – smooth, fast, and optimized for competitive gameplay.', E'', E'ios', 5, 15, 25, 50, TRUE, TRUE, 0, E'Aim silent, Aimbot, Esp, Recoail, Autofire,Back jump, StreamMod', E'2026-03-11T04:33:09.460458', 0, 0, 0, 0, '{}', '{}') ON CONFLICT DO NOTHING;
INSERT INTO panels (id, section_id, name, description, image_url, platform, price_1day, price_7day, price_30day, price_60day, is_in_stock, is_active, sort_order, features, created_at, reseller_price_1day, reseller_price_7day, reseller_price_30day, reseller_price_60day, custom_prices, hidden_durations) VALUES (14, 5, E'FLUCK V2', E'iOS Brutal Aimkill Antiban Panel.', E'', E'ios', 3, 8, 16, 30, TRUE, TRUE, 0, E'Aim Silent, Aimbot, Esp Location, Aimkill, Aimkill v2, Telekill, Teleport, Fly, Autofire,No Recoail, Ai kill,Speed,Ghost,Stream Mod,', E'2026-03-11T05:11:37.116604', 0, 0, 0, 0, '{}', '{}') ON CONFLICT DO NOTHING;
INSERT INTO panels (id, section_id, name, description, image_url, platform, price_1day, price_7day, price_30day, price_60day, is_in_stock, is_active, sort_order, features, created_at, reseller_price_1day, reseller_price_7day, reseller_price_30day, reseller_price_60day, custom_prices, hidden_durations) VALUES (15, 5, E'MIGUL PRO', E'Antiban & Safe iOS Brutal Panel.', E'', E'ios', 5, 15, 25, 45, TRUE, TRUE, 0, E'Aim Silent, Aimbot, Aim Fov, Esp Location, Aimkill, Speed,Fast Switch, No Recoail, Fast Medkit,Fast Reload,Fly, Cover Enime Kill,Teleport 8m, Stream Mod', E'2026-03-11T05:17:34.359719', 0, 0, 0, 0, '{}', '{}') ON CONFLICT DO NOTHING;
INSERT INTO panels (id, section_id, name, description, image_url, platform, price_1day, price_7day, price_30day, price_60day, is_in_stock, is_active, sort_order, features, created_at, reseller_price_1day, reseller_price_7day, reseller_price_30day, reseller_price_60day, custom_prices, hidden_durations) VALUES (16, 5, E'MIGUL LITE', E'Antiban & Safe iPhone Streamer Panel.', E'', E'ios', 4, 8, 18, 35, TRUE, TRUE, 0, E'Aim Silent, Aimbot, Aim Fov, Esp Location, No Recoail, Stream Mod', E'2026-03-11T05:19:57.697784', 0, 0, 0, 0, '{}', '{}') ON CONFLICT DO NOTHING;
INSERT INTO panels (id, section_id, name, description, image_url, platform, price_1day, price_7day, price_30day, price_60day, is_in_stock, is_active, sort_order, features, created_at, reseller_price_1day, reseller_price_7day, reseller_price_30day, reseller_price_60day, custom_prices, hidden_durations) VALUES (21, 7, E'HAXX CREK PRO', E'Work on Virtual & Root Devices. Antiban & Safe.', E'', E'android', 2, 6, 10, 18, TRUE, TRUE, 0, E'Aimbot, Aim Fov, Head Shot Rate, Esp Location , Stream Mod', E'2026-03-11T05:46:58.744377', 0, 0, 0, 0, '{}', '{}') ON CONFLICT DO NOTHING;
INSERT INTO panels (id, section_id, name, description, image_url, platform, price_1day, price_7day, price_30day, price_60day, is_in_stock, is_active, sort_order, features, created_at, reseller_price_1day, reseller_price_7day, reseller_price_30day, reseller_price_60day, custom_prices, hidden_durations) VALUES (26, 10, E'ZOLO CHEAT 8BALL', E'Antiban & Safe Andriod  Panel', E'', E'android', 2, 9, 20, 38, TRUE, TRUE, 0, E'Auto aim, Autoplay, Esp Line.', E'2026-03-11T06:22:00.823174', 0, 0, 0, 0, '{}', '{}') ON CONFLICT DO NOTHING;
INSERT INTO panels (id, section_id, name, description, image_url, platform, price_1day, price_7day, price_30day, price_60day, is_in_stock, is_active, sort_order, features, created_at, reseller_price_1day, reseller_price_7day, reseller_price_30day, reseller_price_60day, custom_prices, hidden_durations) VALUES (11, 6, E'DRIP CLIENT  APKMOD', E'Directly Works on you\'r Phone - No Virtual & Root Needed. Antiban & Safe.', E'', E'android', 1, 4, 10, 20, TRUE, TRUE, 0, E'Aimsilent, Aimbot, Aim megnet, Aimkill, Autofire, Esp, Ghost, Speed, Cs / Br Working ', E'2026-03-11T04:53:17.116045', 0, 0, 0, 0, '{}', '{}') ON CONFLICT DO NOTHING;
INSERT INTO panels (id, section_id, name, description, image_url, platform, price_1day, price_7day, price_30day, price_60day, is_in_stock, is_active, sort_order, features, created_at, reseller_price_1day, reseller_price_7day, reseller_price_30day, reseller_price_60day, custom_prices, hidden_durations) VALUES (19, 7, E'HG CHEAT ROOT ', E'Work on Virtual & Root Devices. Antiban & Safe.', E'', E'android', 1.5, 6, 12, 22, TRUE, TRUE, 0, E'Aim silent, Headshort Hack, Aim Visible, Speed Hack, Ghost Mode, Esp Line Location,  Cs/Br Working', E'2026-03-11T05:40:28.242854', 0, 0, 0, 0, '{}', '{}') ON CONFLICT DO NOTHING;
INSERT INTO panels (id, section_id, name, description, image_url, platform, price_1day, price_7day, price_30day, price_60day, is_in_stock, is_active, sort_order, features, created_at, reseller_price_1day, reseller_price_7day, reseller_price_30day, reseller_price_60day, custom_prices, hidden_durations) VALUES (20, 7, E'BR ROOT ', E'Work on Virtual & Root Devices. Antiban & Safe.', E'', E'android', 2, 5, 10, 18, TRUE, TRUE, 0, E'Aim silent, Headshort Hack, Aim Visible, Speed Hack, Ghost Mode, Esp Line Location,  Cs/Br Working', E'2026-03-11T05:42:08.776732', 0, 0, 0, 0, '{}', '{}') ON CONFLICT DO NOTHING;
INSERT INTO panels (id, section_id, name, description, image_url, platform, price_1day, price_7day, price_30day, price_60day, is_in_stock, is_active, sort_order, features, created_at, reseller_price_1day, reseller_price_7day, reseller_price_30day, reseller_price_60day, custom_prices, hidden_durations) VALUES (22, 6, E'PRIME APKMOD', E'Directly Works on you\'r Phone - No Virtual & Root Needed. Antiban & Safe', E'', E'android', 1, 5, 14, 25, TRUE, TRUE, 0, E'Aim silent, Headshort Hack, Aim Visible, Speed Hack, Ghost Mode, Esp Line Location,  Cs/Br Working', E'2026-03-11T05:51:38.455763', 0, 0, 0, 0, '{}', '{}') ON CONFLICT DO NOTHING;
INSERT INTO panels (id, section_id, name, description, image_url, platform, price_1day, price_7day, price_30day, price_60day, is_in_stock, is_active, sort_order, features, created_at, reseller_price_1day, reseller_price_7day, reseller_price_30day, reseller_price_60day, custom_prices, hidden_durations) VALUES (23, 9, E'PUBG CLOUD IOS', E'Antiban & Safe iOS Panel.', E'', E'ios', 5, 16, 40, 75, TRUE, TRUE, 0, E'Auto Aim, Head Short, Esp Location, No Recoail, Stream Mod, Safe & Secure.', E'2026-03-11T06:00:48.456483', 0, 0, 0, 0, '{}', '{}') ON CONFLICT DO NOTHING;
INSERT INTO panels (id, section_id, name, description, image_url, platform, price_1day, price_7day, price_30day, price_60day, is_in_stock, is_active, sort_order, features, created_at, reseller_price_1day, reseller_price_7day, reseller_price_30day, reseller_price_60day, custom_prices, hidden_durations) VALUES (24, 9, E'PUBG ZOLO CHEAT ', E'Antiban & Safe  Andriod  Panel.', E'', E'android', 3, 10, 20, 35, TRUE, TRUE, 0, E'Auto Aim, Head Short, Esp Location, No Recoail, Stream Mod, Safe & Secure.', E'2026-03-11T06:09:35.699554', 0, 0, 0, 0, '{}', '{}') ON CONFLICT DO NOTHING;
INSERT INTO panels (id, section_id, name, description, image_url, platform, price_1day, price_7day, price_30day, price_60day, is_in_stock, is_active, sort_order, features, created_at, reseller_price_1day, reseller_price_7day, reseller_price_30day, reseller_price_60day, custom_prices, hidden_durations) VALUES (25, 10, E'WIZZARD 8BALL HACK', E'Antiban & Safe iOS Panel.', E'', E'ios', 6, 12, 25, 48, TRUE, TRUE, 0, E'Auto aim, Autoplay, Esp Line.', E'2026-03-11T06:20:06.81992', 0, 0, 0, 0, '{}', '{}') ON CONFLICT DO NOTHING;

-- TABLE: panel_images (1 rows)
INSERT INTO panel_images (id, panel_id, filename, original_name, sort_order, created_at, media_type) VALUES (3, 9, E'1773292556829_bbfd101be864ebbc.mp4', E'WhatsApp Video 2026-03-12 at 11.14.27 AM.mp4', 1, E'2026-03-12T05:15:57.227664', E'video') ON CONFLICT DO NOTHING;

-- TABLE: panel_files (0 rows)

-- TABLE: settings (28 rows)
INSERT INTO settings (id, key, value) VALUES (13, E'payment_method_paypal', E'false') ON CONFLICT DO NOTHING;
INSERT INTO settings (id, key, value) VALUES (14, E'bkash_number', E'01639431907') ON CONFLICT DO NOTHING;
INSERT INTO settings (id, key, value) VALUES (15, E'nagad_number', E'01823373439') ON CONFLICT DO NOTHING;
INSERT INTO settings (id, key, value) VALUES (16, E'payment_method_bd', E'true') ON CONFLICT DO NOTHING;
INSERT INTO settings (id, key, value) VALUES (17, E'particle_effect', E'stars') ON CONFLICT DO NOTHING;
INSERT INTO settings (id, key, value) VALUES (18, E'banner_data', E'{"enabled":true,"type":"discount","title":"WELCOME OFFER","text":"10% Discount For Members, Use Code WELCOME10","color":""}') ON CONFLICT DO NOTHING;
INSERT INTO settings (id, key, value) VALUES (19, E'telegram_reseller_link', E'https://t.me/cheatios9880') ON CONFLICT DO NOTHING;
INSERT INTO settings (id, key, value) VALUES (20, E'reseller_key_price_1day', E'3') ON CONFLICT DO NOTHING;
INSERT INTO settings (id, key, value) VALUES (3143, E'payment_method_binance', E'true') ON CONFLICT DO NOTHING;
INSERT INTO settings (id, key, value) VALUES (3198, E'binance_uid', E'858249871') ON CONFLICT DO NOTHING;
INSERT INTO settings (id, key, value) VALUES (6, E'payment_method_upi', E'false') ON CONFLICT DO NOTHING;
INSERT INTO settings (id, key, value) VALUES (7, E'payment_method_crypto', E'true') ON CONFLICT DO NOTHING;
INSERT INTO settings (id, key, value) VALUES (2, E'upi_id', E'yourupi@bank') ON CONFLICT DO NOTHING;
INSERT INTO settings (id, key, value) VALUES (8, E'crypto_btc_address', E'1ARAwi8uGqdvD5zgoL7W24bCpHUd3TELvN') ON CONFLICT DO NOTHING;
INSERT INTO settings (id, key, value) VALUES (9, E'crypto_usdt_trc20_address', E'TSAuqqtVf4QNKoFbys3F4UjmbafEDT7nQp') ON CONFLICT DO NOTHING;
INSERT INTO settings (id, key, value) VALUES (10, E'crypto_usdt_erc20_address', E'0x71462d44eccb1593cfe9819cff3120b212536245') ON CONFLICT DO NOTHING;
INSERT INTO settings (id, key, value) VALUES (11, E'crypto_usdt_bep20_address', E'0x71462d44eccb1593cfe9819cff3120b212536245') ON CONFLICT DO NOTHING;
INSERT INTO settings (id, key, value) VALUES (1, E'store_name', E'ACI STORE') ON CONFLICT DO NOTHING;
INSERT INTO settings (id, key, value) VALUES (3, E'store_description', E'Premium FF Panels for iOS & Android') ON CONFLICT DO NOTHING;
INSERT INTO settings (id, key, value) VALUES (4, E'announcement', E'WELCOME TO ACI STORE') ON CONFLICT DO NOTHING;
INSERT INTO settings (id, key, value) VALUES (5, E'telegram_support', E'https://t.me/shariyan221') ON CONFLICT DO NOTHING;
INSERT INTO settings (id, key, value) VALUES (21, E'reseller_key_price_3day', E'7') ON CONFLICT DO NOTHING;
INSERT INTO settings (id, key, value) VALUES (22, E'reseller_key_price_7day', E'12') ON CONFLICT DO NOTHING;
INSERT INTO settings (id, key, value) VALUES (23, E'reseller_key_price_14day', E'20') ON CONFLICT DO NOTHING;
INSERT INTO settings (id, key, value) VALUES (24, E'reseller_key_price_30day', E'35') ON CONFLICT DO NOTHING;
INSERT INTO settings (id, key, value) VALUES (169, E'theme_color', E'#3b82f6') ON CONFLICT DO NOTHING;
INSERT INTO settings (id, key, value) VALUES (1904, E'whatsapp_support', E'https://wa.me/message/IF6FUHVR7D2KB1') ON CONFLICT DO NOTHING;
INSERT INTO settings (id, key, value) VALUES (12, E'paypal_id', E'') ON CONFLICT DO NOTHING;

-- TABLE: users (7 rows)
INSERT INTO users (id, username, email, password, telegram_username, is_admin, created_at) VALUES (1, E'Shariyan1', E'admin@ffpanel.com', E'$2b$10$bFznz/pgfnOMPfUD0sbCH.E8cC2y0dJeidduFXecOLtwNjJR/6XoW', E'', TRUE, E'2026-03-08T06:16:09.094719') ON CONFLICT DO NOTHING;
INSERT INTO users (id, username, email, password, telegram_username, is_admin, created_at) VALUES (2, E'bhavisss', E'bhavisluffy@gmail.com', E'$2b$10$jckEE.RVlKEXu7zUoeElCewRtVDxJFIoisrIkMwXJWrZ3xOiZWy.6', E'@bhavisss', FALSE, E'2026-03-10T17:37:15.296434') ON CONFLICT DO NOTHING;
INSERT INTO users (id, username, email, password, telegram_username, is_admin, created_at) VALUES (3, E'ibrahim', E'ibrahimprodan221@gmail.com', E'$2b$10$B1imP3LrLwR9eK9UOI.I/e6LODCY/GRUEwPJWeSziNswurP13D3Va', E'', FALSE, E'2026-03-10T17:52:34.203305') ON CONFLICT DO NOTHING;
INSERT INTO users (id, username, email, password, telegram_username, is_admin, created_at) VALUES (4, E'rakib', E'modbilla1@gmail.com', E'$2b$10$.9u0Ky//AP/e1Cq2Ybsvl.xay0Bn6QlyeIdU4.I4H60Jj0scc/rHm', E'', FALSE, E'2026-03-11T03:48:17.246315') ON CONFLICT DO NOTHING;
INSERT INTO users (id, username, email, password, telegram_username, is_admin, created_at) VALUES (5, E'rakib9', E'rakib988@gmail.com', E'$2b$10$d4dA7L/lJlRPBE4F3TozwekAU4xXGc8BJDpic75gMjGl93QtEnksy', E'', FALSE, E'2026-03-11T04:02:24.453065') ON CONFLICT DO NOTHING;
INSERT INTO users (id, username, email, password, telegram_username, is_admin, created_at) VALUES (6, E'rakib050', E'mdrakibulff050@gmail.com', E'$2b$10$.MBwIIti20ZuPx2TZymDJub3.MunjPLK3PWuAVGFoAFa0WpoisHsq', E'rakib050', FALSE, E'2026-03-11T06:56:41.798499') ON CONFLICT DO NOTHING;
INSERT INTO users (id, username, email, password, telegram_username, is_admin, created_at) VALUES (7, E'Dark', E'divyashekhar0@icloud.com', E'$2b$10$gLp0/LnFuZJeL45/bHeyWeqTsKPlaSImRtoxnJeDm9xOoQ7GxQIL2', E'Dark', FALSE, E'2026-03-12T04:56:45.255446') ON CONFLICT DO NOTHING;

-- TABLE: promo_codes (1 rows)
INSERT INTO promo_codes (id, code, discount_percent, discount_amount, min_order, max_uses, used_count, is_active, expires_at, created_at) VALUES (1, E'WELCOME10', 10, 0, 0, 100, 0, TRUE, NULL, E'2026-03-08T06:16:09.772918') ON CONFLICT DO NOTHING;

-- TABLE: reseller_packages (7 rows)
INSERT INTO reseller_packages (id, name, amount_usd, price_usd, is_active, sort_order, created_at) VALUES (331, E'$10 Balance', 10, 10, TRUE, 1, E'2026-03-11T10:19:45.340169') ON CONFLICT DO NOTHING;
INSERT INTO reseller_packages (id, name, amount_usd, price_usd, is_active, sort_order, created_at) VALUES (332, E'$25 Balance', 25, 25, TRUE, 2, E'2026-03-11T10:19:45.340169') ON CONFLICT DO NOTHING;
INSERT INTO reseller_packages (id, name, amount_usd, price_usd, is_active, sort_order, created_at) VALUES (333, E'$50 Balance', 50, 50, TRUE, 3, E'2026-03-11T10:19:45.340169') ON CONFLICT DO NOTHING;
INSERT INTO reseller_packages (id, name, amount_usd, price_usd, is_active, sort_order, created_at) VALUES (334, E'$100 Balance', 100, 100, TRUE, 4, E'2026-03-11T10:19:45.340169') ON CONFLICT DO NOTHING;
INSERT INTO reseller_packages (id, name, amount_usd, price_usd, is_active, sort_order, created_at) VALUES (335, E'$200 Balance', 200, 200, TRUE, 5, E'2026-03-11T10:19:45.340169') ON CONFLICT DO NOTHING;
INSERT INTO reseller_packages (id, name, amount_usd, price_usd, is_active, sort_order, created_at) VALUES (336, E'$500 Balance', 500, 500, TRUE, 6, E'2026-03-11T10:19:45.340169') ON CONFLICT DO NOTHING;
INSERT INTO reseller_packages (id, name, amount_usd, price_usd, is_active, sort_order, created_at) VALUES (337, E'$1000 Balance', 1000, 1000, TRUE, 7, E'2026-03-11T10:19:45.340169') ON CONFLICT DO NOTHING;

-- TABLE: resellers (1 rows)
INSERT INTO resellers (id, username, password, display_name, status, wallet_balance, created_at) VALUES (1, E'rakib', E'$2b$10$1vXmf1d1fiSHc4ATJcLHG.AkjU5jk670vho94W8M.pzuetOBxCq/e', E'rakib', E'active', 0, E'2026-03-11T03:25:13.275482') ON CONFLICT DO NOTHING;

-- TABLE: customer_key_pool (18 rows)
INSERT INTO customer_key_pool (id, panel_id, duration_days, key_value, status, assigned_order_id, created_at) VALUES (4, 9, 30, E'491CA6C852CC43A4A391', E'available', NULL, E'2026-03-11T16:51:40.306664') ON CONFLICT DO NOTHING;
INSERT INTO customer_key_pool (id, panel_id, duration_days, key_value, status, assigned_order_id, created_at) VALUES (5, 9, 30, E'3A3FC0B509DD45BFB7E5', E'available', NULL, E'2026-03-11T16:51:40.351765') ON CONFLICT DO NOTHING;
INSERT INTO customer_key_pool (id, panel_id, duration_days, key_value, status, assigned_order_id, created_at) VALUES (6, 9, 30, E'D723995ACBD041A1896D', E'available', NULL, E'2026-03-11T16:51:40.395867') ON CONFLICT DO NOTHING;
INSERT INTO customer_key_pool (id, panel_id, duration_days, key_value, status, assigned_order_id, created_at) VALUES (7, 9, 30, E'F67BE05D121C4B6D8D19', E'available', NULL, E'2026-03-11T16:51:40.440122') ON CONFLICT DO NOTHING;
INSERT INTO customer_key_pool (id, panel_id, duration_days, key_value, status, assigned_order_id, created_at) VALUES (8, 9, 30, E'EA538A8B7F5246A89185', E'available', NULL, E'2026-03-11T16:51:40.484447') ON CONFLICT DO NOTHING;
INSERT INTO customer_key_pool (id, panel_id, duration_days, key_value, status, assigned_order_id, created_at) VALUES (9, 9, 30, E'8E2A5FDB20CB4BBCA064', E'available', NULL, E'2026-03-11T16:51:40.528353') ON CONFLICT DO NOTHING;
INSERT INTO customer_key_pool (id, panel_id, duration_days, key_value, status, assigned_order_id, created_at) VALUES (10, 9, 30, E'03F79970D84547A289F6', E'available', NULL, E'2026-03-11T16:51:40.885906') ON CONFLICT DO NOTHING;
INSERT INTO customer_key_pool (id, panel_id, duration_days, key_value, status, assigned_order_id, created_at) VALUES (11, 9, 30, E'174142A116174DE09358', E'available', NULL, E'2026-03-11T16:51:40.929666') ON CONFLICT DO NOTHING;
INSERT INTO customer_key_pool (id, panel_id, duration_days, key_value, status, assigned_order_id, created_at) VALUES (12, 9, 30, E'EFE22BFFD3C74D1C8ACF', E'available', NULL, E'2026-03-11T16:51:40.973439') ON CONFLICT DO NOTHING;
INSERT INTO customer_key_pool (id, panel_id, duration_days, key_value, status, assigned_order_id, created_at) VALUES (13, 9, 30, E'491CA6C852CC43A4A391', E'available', NULL, E'2026-03-11T16:51:41.017456') ON CONFLICT DO NOTHING;
INSERT INTO customer_key_pool (id, panel_id, duration_days, key_value, status, assigned_order_id, created_at) VALUES (14, 9, 30, E'3A3FC0B509DD45BFB7E5', E'available', NULL, E'2026-03-11T16:51:41.061852') ON CONFLICT DO NOTHING;
INSERT INTO customer_key_pool (id, panel_id, duration_days, key_value, status, assigned_order_id, created_at) VALUES (15, 9, 30, E'D723995ACBD041A1896D', E'available', NULL, E'2026-03-11T16:51:41.106282') ON CONFLICT DO NOTHING;
INSERT INTO customer_key_pool (id, panel_id, duration_days, key_value, status, assigned_order_id, created_at) VALUES (16, 9, 30, E'F67BE05D121C4B6D8D19', E'available', NULL, E'2026-03-11T16:51:41.149874') ON CONFLICT DO NOTHING;
INSERT INTO customer_key_pool (id, panel_id, duration_days, key_value, status, assigned_order_id, created_at) VALUES (17, 9, 30, E'EA538A8B7F5246A89185', E'available', NULL, E'2026-03-11T16:51:41.193701') ON CONFLICT DO NOTHING;
INSERT INTO customer_key_pool (id, panel_id, duration_days, key_value, status, assigned_order_id, created_at) VALUES (18, 9, 30, E'8E2A5FDB20CB4BBCA064', E'available', NULL, E'2026-03-11T16:51:41.237593') ON CONFLICT DO NOTHING;
INSERT INTO customer_key_pool (id, panel_id, duration_days, key_value, status, assigned_order_id, created_at) VALUES (1, 9, 30, E'03F79970D84547A289F6', E'sold', NULL, E'2026-03-11T16:51:40.164212') ON CONFLICT DO NOTHING;
INSERT INTO customer_key_pool (id, panel_id, duration_days, key_value, status, assigned_order_id, created_at) VALUES (2, 9, 30, E'174142A116174DE09358', E'sold', NULL, E'2026-03-11T16:51:40.216815') ON CONFLICT DO NOTHING;
INSERT INTO customer_key_pool (id, panel_id, duration_days, key_value, status, assigned_order_id, created_at) VALUES (3, 9, 30, E'EFE22BFFD3C74D1C8ACF', E'sold', 10, E'2026-03-11T16:51:40.262716') ON CONFLICT DO NOTHING;

-- TABLE: reseller_key_pool (2 rows)
INSERT INTO reseller_key_pool (id, duration_days, key_value, status, created_at, panel_id) VALUES (11, 30, E'F1C63B0FEF2D4F2CB780', E'available', E'2026-03-11T09:13:12.661384', 9) ON CONFLICT DO NOTHING;
INSERT INTO reseller_key_pool (id, duration_days, key_value, status, created_at, panel_id) VALUES (12, 30, E'661109D950594A948364', E'available', E'2026-03-11T09:13:12.705067', 9) ON CONFLICT DO NOTHING;

-- TABLE: orders (1 rows)
INSERT INTO orders (id, user_id, panel_id, panel_name, duration, price, discount, final_price, promo_code, utr_number, payment_method, status, customer_username, customer_telegram, customer_email, key_delivered, admin_notes, created_at, updated_at, delivered_files, payment_proof_image) VALUES (10, 1, 9, E'FLUORITE IOS PANEL', E'30day', 25, 0, 25, E'', E'6u5ty0-', E'binance', E'delivered', E'Shariyan1', E'', E'admin@ffpanel.com', E'EFE22BFFD3C74D1C8ACF', E'', E'2026-03-13T07:01:24.85587', E'2026-03-13T07:01:57.153451', E'', E'') ON CONFLICT DO NOTHING;

-- TABLE: reseller_key_orders (9 rows)
INSERT INTO reseller_key_orders (id, reseller_id, duration_days, price_usd, key_id, key_value, status, created_at, panel_id) VALUES (1, 1, 30, 25, NULL, E'E61726F9B86F4988B02E', E'delivered', E'2026-03-11T09:15:40.148265', 9) ON CONFLICT DO NOTHING;
INSERT INTO reseller_key_orders (id, reseller_id, duration_days, price_usd, key_id, key_value, status, created_at, panel_id) VALUES (2, 1, 30, 25, NULL, E'8D8C0CFA76254A729103', E'delivered', E'2026-03-11T10:29:23.890789', 9) ON CONFLICT DO NOTHING;
INSERT INTO reseller_key_orders (id, reseller_id, duration_days, price_usd, key_id, key_value, status, created_at, panel_id) VALUES (3, 1, 30, 25, NULL, E'3448BAF96C6A45568353', E'delivered', E'2026-03-11T12:09:31.010843', 9) ON CONFLICT DO NOTHING;
INSERT INTO reseller_key_orders (id, reseller_id, duration_days, price_usd, key_id, key_value, status, created_at, panel_id) VALUES (4, 1, 30, 25, NULL, E'0103FCA7B9034CAB9EE8', E'delivered', E'2026-03-11T13:58:20.113854', 9) ON CONFLICT DO NOTHING;
INSERT INTO reseller_key_orders (id, reseller_id, duration_days, price_usd, key_id, key_value, status, created_at, panel_id) VALUES (5, 1, 30, 25, NULL, E'1AD8705D1F7249E49BE3', E'delivered', E'2026-03-11T13:58:50.501287', 9) ON CONFLICT DO NOTHING;
INSERT INTO reseller_key_orders (id, reseller_id, duration_days, price_usd, key_id, key_value, status, created_at, panel_id) VALUES (6, 1, 30, 25, NULL, E'589A70E015DB4F3BAE22', E'delivered', E'2026-03-11T15:20:37.794323', 9) ON CONFLICT DO NOTHING;
INSERT INTO reseller_key_orders (id, reseller_id, duration_days, price_usd, key_id, key_value, status, created_at, panel_id) VALUES (7, 1, 30, 25, NULL, E'3F4C1A84D41D41319A1C', E'delivered', E'2026-03-11T15:22:35.612143', 9) ON CONFLICT DO NOTHING;
INSERT INTO reseller_key_orders (id, reseller_id, duration_days, price_usd, key_id, key_value, status, created_at, panel_id) VALUES (8, 1, 30, 25, NULL, E'1F2F777B180C4D29B8CF', E'delivered', E'2026-03-11T15:25:21.412589', 9) ON CONFLICT DO NOTHING;
INSERT INTO reseller_key_orders (id, reseller_id, duration_days, price_usd, key_id, key_value, status, created_at, panel_id) VALUES (9, 1, 30, 25, NULL, E'03E77E696F834D69904A', E'delivered', E'2026-03-11T15:25:22.489764', 9) ON CONFLICT DO NOTHING;

-- TABLE: reseller_topups (0 rows)

-- Reset sequences
DO $$ BEGIN IF EXISTS (SELECT 1 FROM pg_class WHERE relname = 'sections_id_seq') THEN PERFORM setval('sections_id_seq', COALESCE((SELECT MAX(id) FROM sections), 1)); END IF; END $$;
DO $$ BEGIN IF EXISTS (SELECT 1 FROM pg_class WHERE relname = 'panels_id_seq') THEN PERFORM setval('panels_id_seq', COALESCE((SELECT MAX(id) FROM panels), 1)); END IF; END $$;
DO $$ BEGIN IF EXISTS (SELECT 1 FROM pg_class WHERE relname = 'panel_images_id_seq') THEN PERFORM setval('panel_images_id_seq', COALESCE((SELECT MAX(id) FROM panel_images), 1)); END IF; END $$;
DO $$ BEGIN IF EXISTS (SELECT 1 FROM pg_class WHERE relname = 'panel_files_id_seq') THEN PERFORM setval('panel_files_id_seq', COALESCE((SELECT MAX(id) FROM panel_files), 1)); END IF; END $$;
DO $$ BEGIN IF EXISTS (SELECT 1 FROM pg_class WHERE relname = 'settings_id_seq') THEN PERFORM setval('settings_id_seq', COALESCE((SELECT MAX(id) FROM settings), 1)); END IF; END $$;
DO $$ BEGIN IF EXISTS (SELECT 1 FROM pg_class WHERE relname = 'users_id_seq') THEN PERFORM setval('users_id_seq', COALESCE((SELECT MAX(id) FROM users), 1)); END IF; END $$;
DO $$ BEGIN IF EXISTS (SELECT 1 FROM pg_class WHERE relname = 'promo_codes_id_seq') THEN PERFORM setval('promo_codes_id_seq', COALESCE((SELECT MAX(id) FROM promo_codes), 1)); END IF; END $$;
DO $$ BEGIN IF EXISTS (SELECT 1 FROM pg_class WHERE relname = 'reseller_packages_id_seq') THEN PERFORM setval('reseller_packages_id_seq', COALESCE((SELECT MAX(id) FROM reseller_packages), 1)); END IF; END $$;
DO $$ BEGIN IF EXISTS (SELECT 1 FROM pg_class WHERE relname = 'resellers_id_seq') THEN PERFORM setval('resellers_id_seq', COALESCE((SELECT MAX(id) FROM resellers), 1)); END IF; END $$;
DO $$ BEGIN IF EXISTS (SELECT 1 FROM pg_class WHERE relname = 'customer_key_pool_id_seq') THEN PERFORM setval('customer_key_pool_id_seq', COALESCE((SELECT MAX(id) FROM customer_key_pool), 1)); END IF; END $$;
DO $$ BEGIN IF EXISTS (SELECT 1 FROM pg_class WHERE relname = 'reseller_key_pool_id_seq') THEN PERFORM setval('reseller_key_pool_id_seq', COALESCE((SELECT MAX(id) FROM reseller_key_pool), 1)); END IF; END $$;
DO $$ BEGIN IF EXISTS (SELECT 1 FROM pg_class WHERE relname = 'orders_id_seq') THEN PERFORM setval('orders_id_seq', COALESCE((SELECT MAX(id) FROM orders), 1)); END IF; END $$;
DO $$ BEGIN IF EXISTS (SELECT 1 FROM pg_class WHERE relname = 'reseller_key_orders_id_seq') THEN PERFORM setval('reseller_key_orders_id_seq', COALESCE((SELECT MAX(id) FROM reseller_key_orders), 1)); END IF; END $$;
DO $$ BEGIN IF EXISTS (SELECT 1 FROM pg_class WHERE relname = 'reseller_topups_id_seq') THEN PERFORM setval('reseller_topups_id_seq', COALESCE((SELECT MAX(id) FROM reseller_topups), 1)); END IF; END $$;
